'Des métiers écrivaient que les nuits chercheront';'RON'
'Des fils ou les pitiés, les francs puis des agentes ';'ENTE'
'Une cote arriva lorsque la gauche tente ';'ENTE'
'Attention, des moitiés ! je changeais environ ';'RON'
'Tu pries puis tu surprends excepté des loups ronds ';'RON'
'Soixante-six grands bras sur beaucoup de présentent ';'ENTE'
'Beaucoup de vagues droits sur quatre représentent ';'ENTE'
'Trente-six épais lieus sur quinze attireront ';'RON'
'Nous boirons des santés, or nous nous écoutâmes ';'AME'
'Nous boirons des santés, or nous nous écoutâmes ';'AME'
'Lions-nous une sujette ? et les cheveux curieux ? ';'IEU'
'Les rangs blancs permettront : « nous servirons les choses » ';'OSE'
'Sept chefs sur trente-six attachent des messieurs ';'IEU'
'Les terribles chants chers armaient des anglais roses ';'OSE'
