"A","B","C","D","E","F","G"
"Abadie","Ba","Cabrera","Dacosta","Ebel","Fabbri","Gabet"
"Abbas","Babin","Cabrol","Dahan","Eber","Faber","Gabriel"
"Abbou","Bach","Cadet","Dahmani","Eberhardt","Fabre","Gachet"
"Abdallah","Bachelet","Cadiou","Dalle","Eberle","Fabry","Gagneux"
"Abdel","Bacquet","Caillaud","Damiens","Ebert","Facale","Gagnon"
"Abdelli","Baillet","Caille","Damour","Ebran","Fache","Gaillard"
"Abdi","Bailleul","Caillet","Dan","Ebrard","Facon","Gal"
"Abdou","Bailly","Caillot","Danel","Echalier","Fages","Galand"
"Abecassis","Balland","Calvet","Dang","Echard","Faget","Gallais"
"Abed","Baptiste","Camara","Daniele","Eckert","Fagot","Galland"
"Abel","Bar","Campo","Dany","Edde","Faivre","Gallard"
"Abgrall","Barbara","Campos","Daoud","Eddy","Falco","Gallardo"
"Abid","Barbe","Camus","Daoudi","Edel","Fall","Gallego"
"Abidi","Barbet","Cano","Darras","Edeline","Fanget","Gallet"
"Abitbol","Barbier","Cantin","Daumas","Eden","Fantino","Gallien"
"Abou","Barbosa","Canu","Dauphin","Edery","Farah","Galliot"
"Achard","Barbot","Capel","David","Edet","Farcy","Gallo"
"Achour","Bard","Capelle","Davy","Edith","Fares","Gallois"
"Acker","Bardet","Capron","Deborah","Edmond","Farges","Gallot"
"Adam","Bardin","Cara","Debray","Edon","Fargier","Galmiche"
"Adams","Barraud","Cardoso","Debruyne","Edouard","Faria","Galy"
"Adel","Barre","Carette","Declerck","Edwards","Farid","Gambier"
"Adelaide","Barreau","Cariou","Declercq","Edwige","Farida","Gandon"
"Adolphe","Barret","Carles","Decroix","Eeckhout","Farina","Garcia"
"Adrien","Barrier","Carlier","Dedieu","Eeckman","Farmer","Garcin"
"Afonso","Barriere","Carmona","Defer","Egea","Farrugia","Garde"
"Agathe","Barry","Carneiro","Defontaine","Egenschwiller","Fasquel","Garin"
"Agnes","Bart","Caron","Defosse","Egloff","Fatiha","Garnier"
"Agostini","Barthe","Carpentier","Defrance","Ehlinger","Fatou","Garreau"
"Aguilar","Bartoli","Carre","Degardin","Ehrhard","Faucher","Garrido"
"Ahamada","Basset","Carrere","Dejardin","Ehrhardt","Faucheux","Garrigues"
"Ahmed","Bastide","Carrier","Delaby","Ehrhart","Faucon","Gary"
"Aiello","Bataille","Carriere","Delacour","Ehrmann","Fauconnier","Gasnier"
"Aissa","Baudet","Carron","Delacroix","Elasri","Faugere","Gaspar"
"Aissaoui","Baudin","Cartier","Delage","Elbakkali","Fauquet","Gaspard"
"Ait","Baudoin","Carton","Delahaye","Elbaz","Faurie","Gasser"
"Alain","Baudouin","Carvalho","Delaire","Elbaze","Fauveau","Gaston"
"Alami","Baudry","Casanova","Delalande","Elbeze","Fauvel","Gateau"
"Alaoui","Bauduin","Cassagne","Delamare","Elea","Fauvet","Gaubert"
"Alarcon","Bauer","Castaing","Delannoy","Elena",FAUX,"Gaucher"
"Alary","Baumann","Castel","Delanoe","Elfe","Favier","Gaudin"
"Alba","Bayard","Castelain","Delaporte","Elia","Favre","Gaudry"
"Albert","Bayle","Castillo","Delarue","Eliane","Favreau","Gaultier"
"Alberti","Bazin","Castro","Delattre","Elias","Fayard","Gauthier"
"Albin","Beatrice","Cat","Delaunay","Elice","Faye","Gautier"
"Albouy","Beau","Cathy","Delcourt","Elies","Fayolle","Gauvin"
"Albrecht","Beaufils","Catteau","Delcroix","Eline","Febvre","Gay"
"Alcaraz","Beaulieu","Causse","Delepine","Eliot","Felicite","Gaye"
"Alexandre","Beauvais","Cauvin","Delestre","Elisa","Felix","Gayet"
"Alexia","Beck","Cazaux","Delforge","Elisabeth","Fer","Geffroy"
"Alexis","Becker","Cazenave","Delhaye","Elissalde","Feraud","Gehin"
"Alfonsi","Becquet","Cedric","Delille","Elkaim","Ferdinand","Gelin"
"Alfred","Begue","Celia","Delmas","Elle","Feret","Gendre"
"Ali","Beguin","Cellier","Delmotte","Ellena","Ferey","Gendron"
"Alicia","Bel","Cesar","Deloffre","Elleouet","Fernand","Genest"
"Aline","Belhadj","Chabane","Delorme","Ellul","Fernandes","Geneste"
"Alison","Belin","Chabert","Delpech","Elmir","Fernandez","Genet"
"Allain","Bella","Chabot","Delplanque","Eloi","Feron","Genevieve"
"Allaire","Bellanger","Chaillou","Delrieu","Emeriau","Ferrand","Genin"
"Allali","Belle","Chambon","Delrue","Emery","Ferrando","Gentil"
"Allanic","Bellet","Champagne","Delval","Emile","Ferrante","Genty"
"Allard","Bellot","Champion","Demange","Emily","Ferrara","Geoffroy"
"Allart","Belot","Chan","Demaret","Emmanuel","Ferrari","George"
"Alleaume","Benali","Chanel","Demay","Emond","Ferreira","Georges"
"Allegre","Benard","Chapelle","Demoulin","Emonet","Ferrere","Gerard"
"Allemand","Benoist","Chapon","Deniau","Empereur","Ferrero","Gerardin"
"Alliot","Benoit","Chapuis","Denys","Empis","Ferret","Geraud"
"Allouche","Bensaid","Chaput","Deparis","Enard","Ferri","Gerbaud"
"Almeida","Ber","Charbonnier","Deprez","Enaud","Ferriere","Gerber"
"Alonso","Berard","Chardon","Der","Enault","Ferro","Germain"
"Alvarez","Beraud","Charlene","Derouet","Encore Moi","Ferron","Gervais"
"Amal","Berger","Charles","Derrien","Encoremoi","Ferry","Geslin"
"Amand","Bergeron","Charlet","Des","Enderlin","Fert","Gharbi"
"Amar","Bernadette","Charlier","Desbois","Engel","Fery","Gibert"
"Amara","Bernard","Charlot","Descamps","Engelmann","Feuillet","Gicquel"
"Amaral","Bernier","Charpentier","Deschamps","Engler","Fevre","Gil"
"Amari","Berry","Charrier","Deshayes","Engrand","Fevrier","Gilbert"
"Amat","Bert","Charron","Desjardins","Enguehard","Fichet","Gilet"
"Amato","Berthet","Chartier","Deslandes","Enjalbert","Fichot","Gillard"
"Amblard","Berthier","Charton","Desmet","Enjolras","Fievet","Gille"
"Ambre","Berthon","Charvet","Despres","Ensminger","Figueiredo","Gilles"
"Ambroise","Bertin","Chassagne","Desprez","Enzo","Filali","Gillet"
"Amel","Berton","Chat","Devaux","Eouzan","Filippi","Gillot"
"Ameur","Bertrand","Chateau","Deville","Epaillard","Fillion","Gimenez"
"Amiel","Besnard","Chatel","Devillers","Epee","Fillon","Giner"
"Amina","Besnier","Chatelain","Devin","Epinat","Finck","Giordano"
"Amine","Besse","Chatelet","Devos","Eraud","Finet","Girard"
"Amiot","Besson","Chatillon","Dia","Erba","Finot","Girardin"
"Amira","Betty","Chaumont","Diaby","Erbs","Fiore","Girardot"
"Ammar","Bidault","Chauveau","Diagne","Erceau","Fiori","Giraud"
"Amour","Billard","Chauvel","Diakite","Erdmann","Firmin","Giraudet"
"Amouroux","Billaud","Chauvet","Diallo","Erer","Fischer","Girault"
"Amrani","Billet","Chauvin","Diane","Erhard","Fitoussi","Girod"
"Amraoui","Billon","Chazal","Diarra","Erie","Flahaut","Giroud"
"Amri","Billy","Chemin","Dias","Ernandez","Flamand","Giroux"
"Amsellem","Binet","Chen","Diaz","Ernest","Flamant","Gisele"
"Ancel","Bisson","Chene","Dietrich","Ernoult","Flament","Gloaguen"
"Ancelin","Bizet","Chenu","Dieu","Erny","Flandrin","Gobert"
"Anderson","Black","Cherif","Dieudonne","Errard","Flavigny","Gobin"
"Andre","Blain","Cherifi","Diez","Erre","Fleur","Godard"
"Andreani","Blaise","Cheron","Dijoux","Errera","Fleuret","Godart"
"Andree","Blanc","Cherrier","Dion","Erty","Flinois","Godefroy"
"Andreo","Blanchard","Chesneau","Diop","Escaffre","Floch","Godin"
"Andres","Blanche","Cheval","Diot","Escaich","Floquet","Goetz"
"Andreu","Blanchet","Chevalier","Diouf","Escallier","Flora","Gombert"
"Andrieu","Blanco","Chevallier","Doe","Escande","Flore","Gomez"
"Andrieux","Blandin","Chevrier","Dolle","Escartin","Florent","Goncalves"
"Angele","Bleu","Chirac","Domingues","Eschbach","Florentin","Gonin"
"Angeli","Blin","Chiron","Dominguez","Eschenbrenner","Flores","Gonnet"
"Angelique","Bloch","Chloe","Dore","Esclapez","Florian","Gonthier"
"Anger","Blondeau","Cholet","Dou","Escoffier","Floriane","Gontier"
"Anglade","Blondel","Chollet","Douay","Escolano","Florin","Gonzales"
"Angot","Blot","Chopin","Doublet","Escot","Fofana","Gonzalez"
"Anissa","Blouin","Choquet","Doucet","Escribano","Folio","Gosse"
"Annette","Blue","Chou","Doudou","Escriva","Follet","Gosselin"
"Anquetil","Bocquet","Chretien","Dousset","Escuder","Folligan","Goubet"
"Ansart","Bodin","Chris","Doux","Escudero","Folliot","Gouin"
"Ansel","Boileau","Christian","Doyen","Escudie","Fonseca","Goujon"
"Anselme","Bois","Cisse","Drevet","Eskenazi","Font","Goupil"
"Anthony","Boisson","Clain","Dridi","Eslamdoust","Fontaine","Gourdin"
"Antoine","Boivin","Clair","Drouet","Esnault","Fontan","Gourdon"
"Anton","Bon","Clara","Drouin","Espagnet","Fontana","Gracia"
"Antonini","Bond","Clarisse","Duarte","Espi","Fonteneau","Graff"
"Antonio","Bonhomme","Claude","Dub","Espie","Fontenelle","Grall"
"Antony","Bonin","Claudel","Duboc","Espinasse","Fontes","Grand"
"Arab","Bonnard","Claudine","Dubois","Espinet","Forest","Grandin"
"Araujo","Bonnaud","Clavel","Dubos","Espinosa","Forestier","Grandjean"
"Arbogast","Bonneau","Claverie","Dubost","Espitalier","Foret","Grange"
"Archambault","Bonnefoy","Clavier","Dubourg","Esposito","Forget","Granger"
"Ardouin","Bonnel","Clemence","Dubreuil","Esquerre","Fort","Gras"
"Arfi","Bonnet","Clement","Dubuc","Essai","Forte","Grasset"
"Ariane","Bonnot","Clerc","Dubuisson","Essaidi","Fortier","Grau"
"Arias","Bonte","Cloarec","Dubus","Esselin","Fortin","Gravier"
"Armand","Borde","Clouet","Ducasse","Essid","Fosse","Greco"
"Arnal","Bordes","Cochard","Duchamp","Estager","Foubert","Green"
"Arnaud","Bordier","Cochet","Duchemin","Esteban","Foucart","Greg"
"Arnault","Borel","Coelho","Duchene","Estebe","Foucaud","Gregory"
"Arnold","Bosc","Cognard","Duchesne","Estelle","Foucault","Grenet"
"Arnoult","Boss","Cohen","Duclos","Esteves","Fouchard","Grenier"
"Arnoux","Bossard","Colas","Ducos","Estevez","Fouche","Gressier"
"Arrighi","Bouchard","Colette","Ducret","Esther","Foucher","Griffon"
"Artaud","Bouche","Colin","Ducrocq","Estienne","Fouchet","Grignon"
"Arthur","Boucher","Colle","Ducros","Estivalet","Fouet","Grillot"
"Asselin","Bouchet","Collet","Ducrot","Estrada","Fougeray","Grimaldi"
"Assia","Bouchez","Collignon","Duez","Estrade","Fougere","Grimaud"
"Astier","Boudet","Collin","Duflos","Estrella","Fouillet","Grimault"
"Astrid","Boudin","Collot","Duflot","Etaix","Foulon","Grolleau"
"Astruc","Bouillon","Colomb","Dufosse","Etchart","Fouque","Grondin"
"Atlan","Boulanger","Colombier","Dufour","Etchebarne","Fouques","Gros"
"Attal","Boulard","Colombo","Dufresne","Etcheberry","Fouquet","Grosjean"
"Attali","Boulay","Colson","Dugast","Etchegaray","Four","Gross"
"Attard","Boule","Combe","Dugue","Etcheverry","Fourcade","Groult"
"Attia","Boulet","Combes","Duhamel","Etheve","Fourmy","Gruson"
"Attias","Bouquet","Comte","Dujardin","Ethuin","Fournel","Guedj"
"Aube","Bour","Conan","Dulac","Etienne","Fournet","Guedon"
"Auber","Bourdin","Constant","Dumon","Etoile","Fournier","Guegan"
"Aubert","Bourdon","Constantin","Dumond","Etourneau","Fourny","Guenard"
"Aubertin","Bourgeois","Conte","Dumont","Etrillard","Fourre","Guenot"
"Aubin","Bourgoin","Copin","Dumortier","Ette","Fourrier","Guerard"
"Aubree","Bourguignon","Coquelin","Dumoulin","Etter","Fox","Gueret"
"Aubrun","Bousquet","Coquet","Duong","Ettore","Fradet","Guerin"
"Aubry","Bouteiller","Coquin","Dupas","Ettori","Fradin","Guerineau"
"Auclair","Boutet","Corbin","Dupin","Ety","Fraise","Guerreiro"
"Audebert","Boutin","Cordier","Dupire","Eude","Fraisse","Guerrero"
"Audibert","Bouton","Cordonnier","Dupon","Eudeline","Fran","Guerrier"
"Audouin","Bouvard","Corine","Dupond","Eudes","Franc","Guery"
"Audren","Bouvet","Cornet","Dupont","Eudier","France","Guesdon"
"Audureau","Bouvier","Cornu","Dupouy","Eugene","Frances","Guez"
"Auffray","Bouyer","Corre","Duprat","Eugenie","Franceschi","Gui"
"Auffret","Boy","Correia","Dupre","Eustache","Franceschini","Guibert"
"Auge","Boyer","Cortes","Dupres","Euvrard","Franchi","Guichard"
"Auger","Brahimi","Cosson","Dupuis","Euzenat","Francisco","Guignard"
"Augereau","Brasseur","Costa","Dupuy","Evain","Franck","Guigui"
"Auguste","Braud","Costes","Duquenne","Evan","Franco","Guilbaud"
"Augustin","Brault","Cote","Duquesne","Evanno","Francois","Guilbert"
"Augusto","Braun","Cotte","Duquesnoy","Evano","Francoise","Guillaud"
"Aumont","Bravo","Cottet","Duran","Evans","Frank","Guillaume"
"Aupetit","Bresson","Cottin","Durand","Eveillard","Frantz","Guille"
"Aure","Bret","Coucou","Durant","Eveille","Fraysse","Guillemet"
"Auriol","Breton","Couderc","Duret","Even","Fred","Guillemin"
"Autin","Briand","Coudray","Duriez","Everaert","Freitas","Guillemot"
"Autret","Briere","Coulibaly","Dussart","Evesque","Fremaux","Guillen"
"Aveline","Brisset","Coulon","Dutertre","Evin","Frere","Guillet"
"Avignon","Brisson","Coupe","Dutheil","Evrard","Freville","Guillo"
"Avisse","Brochard","Courtin","Duthoit","Evrat","Frey","Guillon"
"Avril","Brossard","Courtois","Duval","Exbrayat","Friedrich","Guillot"
"Ayache","Brousse","Courty","Duvivier ","Excoffier","Frison","Guillou"
"Ayad","Brown","Cousin",,"Exposito","Fritz","Guilloux"
"Ayadi","Bru","Coutant",,"Eychenne","Froger","Guinet"
"Ayari","Brun","Couture",,"Eymery","Froissart","Guinot"
"Aymard","Bruneau","Couturier",,"Eynard","Froment","Guiot"
"Azais","Brunel","Couvreur",,"Eyquem","Fromentin","Guiraud"
"Azema","Brunet","Crepin",,"Eyraud","Fromont","Guitard"
"Azevedo","Bruno","Crespin",,"Ezzine ","Frossard","Guitton"
"Azizi","Bruyere","Cros",,,"Frouin","Gutierrez"
"Aznar","Buffet","Crouzet",,,"Fuchs","Guy"
"Azoulay","Bui","Cruz",,,"Fuentes","Guyard"
"Azzopardi","Buisson","Cuvelier",,,"Furet","Guyomard"
"Azzouz ","Bureau","Cuvillier",,,"Furic","Guyon"
,"Busson ","Cynthia",,,"Furlan ","Guyot "
,,"Cyril ",,,,
